{"midas": 0.6327188014984131, "depth_anything_v2": 0.4418482780456543}