{"midas": 0.20939669013023376, "depth_anything_v3": 0.5345014333724976}