{"midas": 0.47549885511398315, "depth_anything_v2": 0.44269001483917236}