{"midas": 0.20943725109100342, "depth_anything_v2": 0.6657571196556091}