{"depth_anything_v3": 0.5290141701698303, "midas": 0.30923157930374146}