{"midas": 0.2643657624721527, "depth_anything_v2": 0.526611328125}