{"depth_anything_v3": 0.458566814661026, "midas": 0.6335090398788452}